UUID,Username,Password,Role,FirstName,LastName,Email,DateOfInfection,OnMedication,StartDateOfMedication,DOB,Country
=9c70b4ed-c1ea-4922-9522-de81c4556a29,admin,a883dafc480d466ee04e0d6da986bd78eb1fdd2178d04693723da3a8f95d42f4  -,admin,user,name,adminusername@lpmt.com,Wed Dec 12 00:00:00 CAT 2023,true,Wed Dec 12 00:00:00 CAT 2023,Wed Dec 12 00:00:00 CAT 2003,Kenya
=b64e04c2-604d-4afe-8f06-f892644a9939,helwett,a883dafc480d466ee04e0d6da986bd78eb1fdd2178d04693723da3a8f95d42f4  -,patient,Helwett,packard,hp@lpmt.com,Wed Dec 12 00:00:00 CAT 2013,true,Tue Dec 12 00:00:00 CAT 2017,Thu Dec 12 00:00:00 CAT 2002,Kenya
=0ff2db68-7a90-420d-91b0-cd9bc691c6fe,AFRICA,a883dafc480d466ee04e0d6da986bd78eb1fdd2178d04693723da3a8f95d42f4  -,patient,Yetu,Afrika,afrika@lpmt.com,Fri Mar 05 00:00:00 CAT 2010,true,Mon Mar 12 00:00:00 CAT 2012,Sun Aug 04 00:00:00 CAT 2002,Egypt
1c94a7a6-8e0c-44b2-b552-28dc802ff215,rothsean,j(4R*7sg1+,admin,Shane,Ramirez,mitchellfuller@example.org,Fri Feb 11 00:00:00 CAT 2022,False,Fri Oct 07 00:00:00 CAT 2022,Sat Dec 09 00:00:00 CAT 1978,Palau
29930a0b-b2f9-47fe-9fb1-a2be8a654e34,jamiesingleton,482AStMM&i,admin,Betty,Morales,vpeterson@example.net,Sun May 20 00:00:00 CAT 2018,True,Sat Sep 28 00:00:00 CAT 2019,Wed Sep 07 00:00:00 CAT 2016,Macao
b18df89d-6eba-4016-b451-1c5ff8f2bf06,christianjones,32rnLaff*^,admin,Mary,Anderson,jerry05@example.net,Mon Apr 29 00:00:00 CAT 2019,False,Sat Nov 26 00:00:00 CAT 2022,Wed Jan 24 00:00:00 CAT 1951,Guernsey
f02067b1-1e89-416e-bce4-457f9c4e64c5,barbaratran,V(TdfnTz!3,patient,Carolyn,Meyer,michaeldouglas@example.net,Sun Jul 16 00:00:00 CAT 2023,False,Wed Aug 16 00:00:00 CAT 2023,Fri May 13 00:00:00 CAT 2022,French Guiana
1c94a7a6-8e0c-44b2-b552-28dc802ff215,rothsean,j(4R*7sg1+,admin,Shane,Ramirez,mitchellfuller@example.org,Fri Feb 11 00:00:00 CAT 2022,False,Fri Oct 07 00:00:00 CAT 2022,Sat Dec 09 00:00:00 CAT 1978,Palau
29930a0b-b2f9-47fe-9fb1-a2be8a654e34,jamiesingleton,482AStMM&i,admin,Betty,Morales,vpeterson@example.net,Sun May 20 00:00:00 CAT 2018,True,Sat Sep 28 00:00:00 CAT 2019,Wed Sep 07 00:00:00 CAT 2016,Macao
b18df89d-6eba-4016-b451-1c5ff8f2bf06,christianjones,32rnLaff*^,admin,Mary,Anderson,jerry05@example.net,Mon Apr 29 00:00:00 CAT 2019,False,Sat Nov 26 00:00:00 CAT 2022,Wed Jan 24 00:00:00 CAT 1951,Guernsey
f02067b1-1e89-416e-bce4-457f9c4e64c5,barbaratran,V(TdfnTz!3,patient,Carolyn,Meyer,michaeldouglas@example.net,Sun Jul 16 00:00:00 CAT 2023,False,Wed Aug 16 00:00:00 CAT 2023,Fri May 13 00:00:00 CAT 2022,French Guiana
4d653f75-bc99-490a-aed8-cf3d4986d965,zhenry,a#3YJYiwtD,admin,Leon,Beard,washingtonkenneth@example.com,Sat Dec 23 00:00:00 CAT 2000,False,Thu Jul 21 00:00:00 CAT 2016,Tue Aug 27 00:00:00 CAT 1991,Trinidad and Tobago
3901db53-3e6b-44b5-81ea-01b0a27e72ee,wroberts,t@tGPupc$6,patient,Ryan,Rice,williammclaughlin@example.com,Sat May 25 00:00:00 CAT 1991,True,Wed Jan 18 00:00:00 CAT 1995,Sun Mar 19 00:00:00 CAT 1989,Germany
3ff5c450-4cee-4cac-ab4b-5a26be669e4d,laurarivera,vPU8ALZp$5,patient,Crystal,Mills,ncollins@example.com,Tue Jun 22 00:00:00 CAT 1982,False,Wed Nov 20 00:00:00 CAT 2019,Sun Nov 27 00:00:00 CAT 1966,Cuba
1d83cd53-20ac-400c-be1f-3055a904ecb6,cohengregory,aPF@Y4Rz@4,patient,Paige,Stevens,kristinhoover@example.net,Mon Jul 21 00:00:00 CAT 1975,True,Sun Mar 10 00:00:00 CAT 2024,Sun Feb 22 00:00:00 CAT 1970,Honduras
1725046c-0455-4015-9ea6-9141c9e1b491,william23,&8)WbRm^dW,patient,Julie,Stanton,victoria67@example.com,Fri Sep 07 00:00:00 CAT 2001,True,Sun Jul 28 00:00:00 CAT 2024,Sat Dec 30 00:00:00 CAT 1972,Ecuador
33a4b116-2b9b-46e8-a378-6e315b9a538f,jamesflores,^p!DTWg$8T,patient,Brenda,Smith,allenbenjamin@example.com,Sat Oct 05 00:00:00 CAT 2019,True,Sun May 16 00:00:00 CAT 2021,Sun Aug 13 00:00:00 CAT 2017,Germany
b77b62bf-cffc-4a33-b7a2-5e5e074bd96f,prattlisa,NIY+w6Pepz,patient,Regina,Goodman,crobinson@example.net,Wed Feb 08 00:00:00 CAT 1989,False,Wed Mar 18 00:00:00 CAT 2009,Sat Apr 17 00:00:00 CAT 1976,Latvia
a88e013d-02ee-4296-8feb-9b3793c5dd4c,ukemp,)0GNx6f4D*,patient,Jason,Mccall,rgallegos@example.com,Sat Sep 19 00:00:00 CAT 1998,False,Wed Nov 17 00:00:00 CAT 2004,Fri Aug 21 00:00:00 CAT 1992,Belize
0a893c6b-1456-40c5-be22-67f80b9d3ea8,qcoleman,)0itM_zHMc,admin,Jamie,Martinez,rodriguezmichael@example.net,Sun May 13 00:00:00 CAT 2001,False,Mon Oct 05 00:00:00 CAT 2020,Sun May 12 00:00:00 CAT 1996,Palestinian Territory
baf6fc1e-7859-4be5-85de-3b0b43d662b3,uramirez,$5dUBh_0)$,admin,Kevin,Cobb,qtapia@example.org,Fri Apr 07 00:00:00 CAT 1995,True,Mon Dec 15 00:00:00 CAT 2014,Wed Mar 08 00:00:00 CAT 1967,Myanmar
1aa70300-b56b-4c96-92e9-9a07e76057b2,srogers,+FAPeoeO&3,patient,Daniel,Bradley,shelly17@example.org,Mon Jul 07 00:00:00 CAT 1969,True,Wed Dec 12 00:00:00 CAT 1990,Mon Oct 30 00:00:00 CAT 1950,Chad
3cd9ffd4-b6e4-459c-8673-68c093d5ecf2,carpenterjeffrey,%U67OqMnv&,patient,Eric,Peck,pacepatricia@example.net,Sat Oct 22 00:00:00 CAT 2016,True,Thu Aug 31 00:00:00 CAT 2017,Wed Jun 23 00:00:00 CAT 2010,Saint Barthelemy
d632622f-901b-4d61-a7eb-11ad33367a61,rodriguezanthony,qsGRMad7+7,patient,Michael,May,lambalyssa@example.net,Tue May 22 00:00:00 CAT 2018,False,Wed Sep 20 00:00:00 CAT 2023,Sun Apr 21 00:00:00 CAT 1985,Mali
693e0787-ac5c-4645-ba7b-b494ca58ce0c,jessicalong,d)6SoJSui(,admin,Christopher,Ray,marydawson@example.com,Tue Sep 01 00:00:00 CAT 2020,True,Thu May 20 00:00:00 CAT 2021,Wed Feb 19 00:00:00 CAT 1992,Micronesia
4b075b07-c1b3-4b05-9c21-7de9e8f55ab2,hortoncharles,m5RDnM3h+m,patient,Robert,King,dylan32@example.org,Sat May 28 00:00:00 CAT 2016,True,Tue Jun 18 00:00:00 CAT 2019,Sat Jun 10 00:00:00 CAT 2006,Comoros
d5bc6f67-b63c-47ff-a518-494dd8a6b6bd,gsmith,pn@0Zlvy$V,admin,Brian,Mason,crystal17@example.com,Wed Mar 13 00:00:00 CAT 1968,False,Mon Dec 30 00:00:00 CAT 1985,Sun Jan 20 00:00:00 CAT 1952,Lesotho
14884465-4dbc-44bd-9317-875da8c7a235,timothydominguez,d0YUg%n++X,admin,Ruth,Cook,tonya63@example.net,Mon Aug 22 00:00:00 CAT 1994,True,Fri Aug 06 00:00:00 CAT 1999,Thu Mar 23 00:00:00 CAT 1989,French Polynesia
f0543b34-71c3-4a80-9543-c56e3cce558a,lindsayaguilar,cm6)+TUl)j,admin,Jaime,Cox,cherman@example.net,Sun Jun 14 00:00:00 CAT 1987,False,Mon Nov 27 00:00:00 CAT 2000,Mon Feb 18 00:00:00 CAT 1985,Moldova
a0f6b082-3594-480c-b7d2-2a112de04059,kevincabrera,V^(7s+BiED,admin,Shane,Cook,danielsthomas@example.net,Fri Dec 24 00:00:00 CAT 2021,False,Tue May 23 00:00:00 CAT 2023,Sun Oct 17 00:00:00 CAT 2021,Saint Vincent and the Grenadines
1c94a7a6-8e0c-44b2-b552-28dc802ff215,rothsean,j(4R*7sg1+,admin,Shane,Ramirez,mitchellfuller@example.org,Fri Feb 11 00:00:00 CAT 2022,False,Fri Oct 07 00:00:00 CAT 2022,Sat Dec 09 00:00:00 CAT 1978,Palau
29930a0b-b2f9-47fe-9fb1-a2be8a654e34,jamiesingleton,482AStMM&i,admin,Betty,Morales,vpeterson@example.net,Sun May 20 00:00:00 CAT 2018,True,Sat Sep 28 00:00:00 CAT 2019,Wed Sep 07 00:00:00 CAT 2016,Macao
b18df89d-6eba-4016-b451-1c5ff8f2bf06,christianjones,32rnLaff*^,admin,Mary,Anderson,jerry05@example.net,Mon Apr 29 00:00:00 CAT 2019,False,Sat Nov 26 00:00:00 CAT 2022,Wed Jan 24 00:00:00 CAT 1951,Guernsey
f02067b1-1e89-416e-bce4-457f9c4e64c5,barbaratran,V(TdfnTz!3,patient,Carolyn,Meyer,michaeldouglas@example.net,Sun Jul 16 00:00:00 CAT 2023,False,Wed Aug 16 00:00:00 CAT 2023,Fri May 13 00:00:00 CAT 2022,French Guiana
4d653f75-bc99-490a-aed8-cf3d4986d965,zhenry,a#3YJYiwtD,admin,Leon,Beard,washingtonkenneth@example.com,Sat Dec 23 00:00:00 CAT 2000,False,Thu Jul 21 00:00:00 CAT 2016,Tue Aug 27 00:00:00 CAT 1991,Trinidad and Tobago
3901db53-3e6b-44b5-81ea-01b0a27e72ee,wroberts,t@tGPupc$6,patient,Ryan,Rice,williammclaughlin@example.com,Sat May 25 00:00:00 CAT 1991,True,Wed Jan 18 00:00:00 CAT 1995,Sun Mar 19 00:00:00 CAT 1989,Germany
3ff5c450-4cee-4cac-ab4b-5a26be669e4d,laurarivera,vPU8ALZp$5,patient,Crystal,Mills,ncollins@example.com,Tue Jun 22 00:00:00 CAT 1982,False,Wed Nov 20 00:00:00 CAT 2019,Sun Nov 27 00:00:00 CAT 1966,Cuba
1d83cd53-20ac-400c-be1f-3055a904ecb6,cohengregory,aPF@Y4Rz@4,patient,Paige,Stevens,kristinhoover@example.net,Mon Jul 21 00:00:00 CAT 1975,True,Sun Mar 10 00:00:00 CAT 2024,Sun Feb 22 00:00:00 CAT 1970,Honduras
1725046c-0455-4015-9ea6-9141c9e1b491,william23,&8)WbRm^dW,patient,Julie,Stanton,victoria67@example.com,Fri Sep 07 00:00:00 CAT 2001,True,Sun Jul 28 00:00:00 CAT 2024,Sat Dec 30 00:00:00 CAT 1972,Ecuador
33a4b116-2b9b-46e8-a378-6e315b9a538f,jamesflores,^p!DTWg$8T,patient,Brenda,Smith,allenbenjamin@example.com,Sat Oct 05 00:00:00 CAT 2019,True,Sun May 16 00:00:00 CAT 2021,Sun Aug 13 00:00:00 CAT 2017,Germany
b77b62bf-cffc-4a33-b7a2-5e5e074bd96f,prattlisa,NIY+w6Pepz,patient,Regina,Goodman,crobinson@example.net,Wed Feb 08 00:00:00 CAT 1989,False,Wed Mar 18 00:00:00 CAT 2009,Sat Apr 17 00:00:00 CAT 1976,Latvia
a88e013d-02ee-4296-8feb-9b3793c5dd4c,ukemp,)0GNx6f4D*,patient,Jason,Mccall,rgallegos@example.com,Sat Sep 19 00:00:00 CAT 1998,False,Wed Nov 17 00:00:00 CAT 2004,Fri Aug 21 00:00:00 CAT 1992,Belize
0a893c6b-1456-40c5-be22-67f80b9d3ea8,qcoleman,)0itM_zHMc,admin,Jamie,Martinez,rodriguezmichael@example.net,Sun May 13 00:00:00 CAT 2001,False,Mon Oct 05 00:00:00 CAT 2020,Sun May 12 00:00:00 CAT 1996,Palestinian Territory
baf6fc1e-7859-4be5-85de-3b0b43d662b3,uramirez,$5dUBh_0)$,admin,Kevin,Cobb,qtapia@example.org,Fri Apr 07 00:00:00 CAT 1995,True,Mon Dec 15 00:00:00 CAT 2014,Wed Mar 08 00:00:00 CAT 1967,Myanmar
1aa70300-b56b-4c96-92e9-9a07e76057b2,srogers,+FAPeoeO&3,patient,Daniel,Bradley,shelly17@example.org,Mon Jul 07 00:00:00 CAT 1969,True,Wed Dec 12 00:00:00 CAT 1990,Mon Oct 30 00:00:00 CAT 1950,Chad
3cd9ffd4-b6e4-459c-8673-68c093d5ecf2,carpenterjeffrey,%U67OqMnv&,patient,Eric,Peck,pacepatricia@example.net,Sat Oct 22 00:00:00 CAT 2016,True,Thu Aug 31 00:00:00 CAT 2017,Wed Jun 23 00:00:00 CAT 2010,Saint Barthelemy
d632622f-901b-4d61-a7eb-11ad33367a61,rodriguezanthony,qsGRMad7+7,patient,Michael,May,lambalyssa@example.net,Tue May 22 00:00:00 CAT 2018,False,Wed Sep 20 00:00:00 CAT 2023,Sun Apr 21 00:00:00 CAT 1985,Mali
693e0787-ac5c-4645-ba7b-b494ca58ce0c,jessicalong,d)6SoJSui(,admin,Christopher,Ray,marydawson@example.com,Tue Sep 01 00:00:00 CAT 2020,True,Thu May 20 00:00:00 CAT 2021,Wed Feb 19 00:00:00 CAT 1992,Micronesia
4b075b07-c1b3-4b05-9c21-7de9e8f55ab2,hortoncharles,m5RDnM3h+m,patient,Robert,King,dylan32@example.org,Sat May 28 00:00:00 CAT 2016,True,Tue Jun 18 00:00:00 CAT 2019,Sat Jun 10 00:00:00 CAT 2006,Comoros
d5bc6f67-b63c-47ff-a518-494dd8a6b6bd,gsmith,pn@0Zlvy$V,admin,Brian,Mason,crystal17@example.com,Wed Mar 13 00:00:00 CAT 1968,False,Mon Dec 30 00:00:00 CAT 1985,Sun Jan 20 00:00:00 CAT 1952,Lesotho
14884465-4dbc-44bd-9317-875da8c7a235,timothydominguez,d0YUg%n++X,admin,Ruth,Cook,tonya63@example.net,Mon Aug 22 00:00:00 CAT 1994,True,Fri Aug 06 00:00:00 CAT 1999,Thu Mar 23 00:00:00 CAT 1989,French Polynesia
f0543b34-71c3-4a80-9543-c56e3cce558a,lindsayaguilar,cm6)+TUl)j,admin,Jaime,Cox,cherman@example.net,Sun Jun 14 00:00:00 CAT 1987,False,Mon Nov 27 00:00:00 CAT 2000,Mon Feb 18 00:00:00 CAT 1985,Moldova
a0f6b082-3594-480c-b7d2-2a112de04059,kevincabrera,V^(7s+BiED,admin,Shane,Cook,danielsthomas@example.net,Fri Dec 24 00:00:00 CAT 2021,False,Tue May 23 00:00:00 CAT 2023,Sun Oct 17 00:00:00 CAT 2021,Saint Vincent and the Grenadines
e8ae4c55-5c5d-4fe3-a6dd-831c90501aa1,lshaw,+Dn8FCGxBX,admin,Edward,Hart,fmcdowell@example.net,Tue Oct 03 00:00:00 CAT 1995,False,Mon Jan 22 00:00:00 CAT 1996,Tue May 06 00:00:00 CAT 1986,Senegal
50c7ae5b-3dba-4547-9acf-a7444d603522,william39,0KLtMjlT+g,admin,Ryan,Baker,hollycarter@example.com,Thu Jul 18 00:00:00 CAT 2013,True,Wed Mar 25 00:00:00 CAT 2020,Wed Oct 01 00:00:00 CAT 2003,United Arab Emirates
ed5f7d33-c133-44b3-acbb-f4703d5ac5f1,josephgolden,x76LzVvz9$,admin,Jill,Blevins,andrewsmith@example.com,Sat Jun 03 00:00:00 CAT 2000,True,Fri Jun 20 00:00:00 CAT 2008,Mon May 23 00:00:00 CAT 1960,Bhutan
0bb63144-4b72-4491-a3eb-be8888dceb70,suzannelewis,!im3OcIr3O,patient,William,Brown,deborahjohnson@example.org,Fri Feb 04 00:00:00 CAT 1972,True,Sat Sep 29 00:00:00 CAT 1990,Sun Mar 16 00:00:00 CAT 1958,Costa Rica
134e6f51-9e72-4ce4-9b92-d9fc24574ed9,tonyabryant,hOKz4juK#2,admin,Nathan,Adams,longpaul@example.org,Sun Sep 01 00:00:00 CAT 2019,False,Sat Jun 01 00:00:00 CAT 2024,Thu Jun 21 00:00:00 CAT 2012,Zambia
ac000c4a-b39e-4a6a-8b92-36dbca00b413,isolis,z)S2(JJtC#,patient,Jason,Brady,qtodd@example.com,Fri Nov 10 00:00:00 CAT 2017,False,Tue Apr 23 00:00:00 CAT 2019,Fri Oct 25 00:00:00 CAT 2013,Cuba
5497e0ae-97eb-4df9-88c1-cba9847e14cc,kelly88,&i9!6ZixHs,admin,Michael,Roberts,franceswilliams@example.com,Sat Jun 07 00:00:00 CAT 1997,False,Sat Jan 13 00:00:00 CAT 2007,Sat Jul 22 00:00:00 CAT 1950,Mauritania
4b06f5c4-924b-421a-a84a-25322a09e0d0,wlee,E0YTsnV+^f,admin,Christina,Turner,brandi99@example.net,Thu Sep 07 00:00:00 CAT 2017,False,Fri Nov 09 00:00:00 CAT 2018,Wed Jan 24 00:00:00 CAT 1973,Fiji
6bd578b2-4e64-4e05-91cf-fe4bf0c46878,kimberlyallen,^8+^GhNe2I,admin,Cynthia,Flowers,hendersoncynthia@example.net,Sat Apr 15 00:00:00 CAT 2023,False,Sat Mar 02 00:00:00 CAT 2024,Wed Feb 22 00:00:00 CAT 2023,Monaco
992a0f1c-df7f-43cc-aab2-70f8c7148324,hamptonrobin,(!8PVvLPMp,patient,Bradley,Rodriguez,josephtravis@example.net,Fri Jun 11 00:00:00 CAT 2021,False,Tue Oct 11 00:00:00 CAT 2022,Sat Dec 12 00:00:00 CAT 2020,Hungary
ffb5b982-6cc1-4e6e-9976-b0277651979b,sandersalicia,3l7U(#Sj#(,admin,Veronica,Morales,taylorflynn@example.net,Sat Aug 29 00:00:00 CAT 2020,False,Mon Nov 30 00:00:00 CAT 2020,Sat Mar 02 00:00:00 CAT 1991,Tuvalu
1249bc5e-e9af-4c37-864b-f41717d9d3f1,barrveronica,W^6TsxYO0U,patient,Angela,Walker,ksmith@example.org,Tue Dec 08 00:00:00 CAT 1987,True,Wed Jan 28 00:00:00 CAT 2015,Sat May 03 00:00:00 CAT 1980,Gambia
d732d6c8-d0aa-4c08-907f-ddf931c64e6b,jamesmyers,q+u6)!Bc^Y,patient,Richard,Rodriguez,crodriguez@example.org,Mon Jan 03 00:00:00 CAT 1994,False,Mon Jun 10 00:00:00 CAT 2002,Tue Jan 01 00:00:00 CAT 1985,Fiji
637954e7-8c07-4d81-8c72-1f17da3a7298,lbaker,pzF4lqch&2,patient,Clinton,Boyd,glenn23@example.net,Thu Jun 14 00:00:00 CAT 2012,True,Wed May 26 00:00:00 CAT 2021,Wed Jan 29 00:00:00 CAT 2003,Brazil
3127e87f-1117-42d8-b705-62f001c25796,moorelinda,!n2Yo!sZ+(,admin,Jorge,Greene,lsweeney@example.net,Fri May 11 00:00:00 CAT 2012,False,Sun Apr 16 00:00:00 CAT 2017,Tue Oct 22 00:00:00 CAT 1985,Liberia
4d421c7b-d097-4882-aa00-c74c43faec62,cmassey,5sE*Ex6l_3,patient,Anthony,Young,vanessa87@example.net,Sat Apr 02 00:00:00 CAT 2022,False,Mon May 15 00:00:00 CAT 2023,Sun Apr 26 00:00:00 CAT 2015,Angola
6eef2869-f567-4373-999d-2effd8033b68,bridgesanthony,uu$l9QHnIp,admin,James,Avery,hernandezkyle@example.org,Thu Dec 01 00:00:00 CAT 1966,False,Sun Feb 24 00:00:00 CAT 2008,Fri Apr 07 00:00:00 CAT 1961,Wallis and Futuna
9df1ddab-92a4-4c1b-867e-905ef350301d,williegallegos,0#7)B1zt8Z,admin,Diane,Acevedo,medinapatrick@example.com,Sun Aug 16 00:00:00 CAT 2015,False,Mon May 15 00:00:00 CAT 2017,Tue Oct 09 00:00:00 CAT 1973,Namibia
3d080609-e22c-426d-a107-3c24d9ad0701,heatherkirk,KRp3ImG_*&,admin,Robert,Carlson,millerjay@example.org,Thu Jul 18 00:00:00 CAT 2019,True,Sat Jul 22 00:00:00 CAT 2023,Tue Apr 10 00:00:00 CAT 2001,Canada
56203417-56f1-4441-98b2-ec2ad7fa1f3b,victoriataylor,!8K!Sd0gE@,patient,Kelly,White,lukehernandez@example.net,Mon Aug 14 00:00:00 CAT 2000,False,Wed Aug 28 00:00:00 CAT 2013,Wed Jun 07 00:00:00 CAT 1989,Montserrat
fc308fac-2e51-4892-b284-bc4fa6537422,anna46,m$4rV)*i&(,patient,Vincent,Johnson,xstephens@example.net,Sun Jan 01 00:00:00 CAT 2023,True,Mon Apr 01 00:00:00 CAT 2024,Sun Oct 31 00:00:00 CAT 2010,Bouvet Island (Bouvetoya)
c7a7b9cb-8139-4dc2-b3f5-ca88e47d8059,patriciaacevedo,*@7IZd%aZv,patient,Jonathan,Walker,jasmin48@example.com,Fri May 15 00:00:00 CAT 1981,True,Sat Jun 06 00:00:00 CAT 1987,Tue Apr 08 00:00:00 CAT 1958,Holy See (Vatican City State)
9b1e14db-01d4-4fec-b50a-39ed56185384,abrown,wZ2H@#qhx%,admin,Laura,Cross,oedwards@example.com,Wed Jun 18 00:00:00 CAT 2008,True,Fri Dec 05 00:00:00 CAT 2014,Sun Mar 06 00:00:00 CAT 1955,Isle of Man
ff91ceca-14a8-4c2a-8931-4575a4ae9490,williamsshawn,%GL%3Ymml5,patient,Kevin,Richardson,meghansmith@example.org,Mon Mar 25 00:00:00 CAT 2024,False,Mon Mar 25 00:00:00 CAT 2024,Wed Oct 29 00:00:00 CAT 1952,Bangladesh
0c7ba409-3135-454b-981e-69f2e0f505b4,jeremy96,^49%S*rI*0,admin,Michael,Smith,montgomeryjoel@example.com,Sun Oct 07 00:00:00 CAT 2012,True,Wed Jun 09 00:00:00 CAT 2021,Tue Nov 30 00:00:00 CAT 2010,French Polynesia
79e7f1e5-8328-4854-8d86-418dd641bd02,tsteele,Yd7SyH#@*9,patient,Elizabeth,Murray,evelyncollins@example.com,Wed Jan 31 00:00:00 CAT 1979,True,Wed Nov 03 00:00:00 CAT 2004,Sat Apr 10 00:00:00 CAT 1965,Togo
30509445-4b00-4cf3-98c4-52d804f09da3,laura50,#ipXylF_8r,patient,Michael,Berry,nelsonelizabeth@example.org,Sat Jul 18 00:00:00 CAT 2015,True,Mon Jan 16 00:00:00 CAT 2023,Tue May 09 00:00:00 CAT 1972,Cambodia
5f8cd49b-78b2-4f8f-9098-f7f78607feb9,hernandezjulie,3I+Bitqd^X,admin,Tiffany,Duncan,icox@example.net,Fri Feb 26 00:00:00 CAT 2021,False,Tue Oct 10 00:00:00 CAT 2023,Mon Apr 14 00:00:00 CAT 2014,Serbia
9670a093-a5d1-47f2-97ec-2cf2a91cf08f,williamsbrittany,+%NeMq+R0$,admin,Sarah,Hernandez,bryanconway@example.org,Wed Apr 28 00:00:00 CAT 1965,False,Wed Feb 17 00:00:00 CAT 2016,Sat Jan 21 00:00:00 CAT 1956,Madagascar
fdb5f6c9-9039-4ec6-871f-3b75c1f5216f,saradean,&Et1VHsQZ2,patient,Tanya,Mcpherson,gclayton@example.org,Sat Feb 26 00:00:00 CAT 2022,True,Sat Sep 03 00:00:00 CAT 2022,Tue Jul 19 00:00:00 CAT 2016,Korea
12183d69-b74c-4ecd-ad0f-d098d79d1e53,nicholelyons,*0TJ*r+TOY,patient,Hannah,Gonzalez,lwillis@example.net,Thu Oct 31 00:00:00 CAT 2013,True,Fri Dec 22 00:00:00 CAT 2023,Mon Apr 12 00:00:00 CAT 2004,Jordan
2a43bffb-dc67-49c3-9904-9bfb54d398e8,cconner,p0D5ITPy)e,patient,Michael,Tucker,lydiabrown@example.com,Thu Jan 11 00:00:00 CAT 1979,True,Wed Sep 03 00:00:00 CAT 2014,Mon Aug 07 00:00:00 CAT 1978,Guatemala
9138fe74-7e1e-459b-babc-77e48642db10,david68,00#6Wnmz2Z,admin,Sarah,Johnson,jonathanlyons@example.org,Tue Jan 31 00:00:00 CAT 2023,True,Mon Jul 17 00:00:00 CAT 2023,Sun May 21 00:00:00 CAT 2017,Lesotho
77ef5b32-0ca2-4255-a71f-6ccb3b89180e,ianterry,9R7UJNrl)F,patient,Kenneth,Morrison,klinedalton@example.net,Mon Aug 21 00:00:00 CAT 2023,True,Fri Nov 03 00:00:00 CAT 2023,Tue May 25 00:00:00 CAT 2021,Guinea
b308a3e1-1d2a-4d60-8154-80e7f0dd4512,phillipsmiguel,8*5ag1Io_^,admin,William,Jackson,jonathanadams@example.com,Fri Mar 23 00:00:00 CAT 2007,False,Tue Oct 09 00:00:00 CAT 2018,Sun Nov 19 00:00:00 CAT 2006,Cyprus
29eaca06-04bc-4122-a24b-3fe12aa81755,elizabeth32,^l@ZPWt412,patient,Cory,Williams,richardgonzalez@example.org,Sun Jul 28 00:00:00 CAT 2024,False,Fri Aug 02 00:00:00 CAT 2024,Fri Aug 12 00:00:00 CAT 2016,Armenia
14a5274a-8c6a-42c3-ac72-4628cbdf5990,millerann,JI6!Hu_w^@,admin,Kimberly,Kline,elizabeth25@example.net,Tue Oct 08 00:00:00 CAT 2013,True,Thu Mar 28 00:00:00 CAT 2024,Fri Dec 30 00:00:00 CAT 1994,Togo
0a1c518d-aaee-4df0-96e2-37e55d0dabe4,craig37,hKxsGo37!8,admin,Brandi,Norton,kimberlyyoung@example.com,Sun Apr 22 00:00:00 CAT 2012,False,Sun Aug 27 00:00:00 CAT 2023,Tue Feb 14 00:00:00 CAT 2006,Mozambique
58acaf26-f76f-49c8-9505-a999d4b55ec7,matthewsmatthew,B10#DryTM(,patient,Rebecca,Orozco,carpenternicholas@example.net,Sat Sep 04 00:00:00 CAT 2010,False,Tue Jul 26 00:00:00 CAT 2011,Sun Mar 05 00:00:00 CAT 1989,Falkland Islands (Malvinas)
9e782d91-6984-441a-b468-311de6ef2f36,annalong,5c8GAqdw&p,admin,Sonya,Williams,diazamy@example.com,Mon Nov 07 00:00:00 CAT 2022,True,Mon Oct 30 00:00:00 CAT 2023,Fri Oct 31 00:00:00 CAT 1980,Sierra Leone
de44b972-d319-441c-bd59-d085be3a0afa,zrodriguez,O7y4nTw(v#,admin,Holly,Thompson,amanda71@example.org,Thu Sep 19 00:00:00 CAT 2019,False,Thu Aug 24 00:00:00 CAT 2023,Sat May 07 00:00:00 CAT 2016,Burundi
5142ba03-2136-42d7-b47b-5c15db13cfef,justinmorales,70I8PjgmT(,patient,Carrie,Scott,shannonsantiago@example.com,Tue Nov 24 00:00:00 CAT 2009,False,Mon Feb 13 00:00:00 CAT 2017,Tue Jul 19 00:00:00 CAT 2005,Nauru
6122fd51-c5b1-4584-90d5-1040dec69611,steven52,yP0HDYppE+,admin,Troy,Rogers,ccarter@example.com,Thu Jul 27 00:00:00 CAT 2017,False,Mon Mar 20 00:00:00 CAT 2023,Tue Jan 12 00:00:00 CAT 2016,Montenegro
98b203d6-d679-4743-a126-a94fdc590243,kalvarado,*0(M008sEK,patient,Patrick,Lowe,jeffrey01@example.net,Tue Dec 06 00:00:00 CAT 2005,True,Sun May 22 00:00:00 CAT 2011,Fri Mar 12 00:00:00 CAT 1993,Botswana
5a6bef13-1e51-49fa-98d4-6da9f66f1031,krystalali,_gQxZ*Vgc7,admin,Richard,Mitchell,ortegadanielle@example.com,Sat Sep 16 00:00:00 CAT 1978,False,Wed Sep 03 00:00:00 CAT 1997,Mon Jun 03 00:00:00 CAT 1974,Nicaragua
5a374a7b-48d3-495b-88ca-68967feb01cd,sanchezbrandi,Jv5XQrXwI*,admin,Jacob,Taylor,caitlinnelson@example.com,Sat Aug 18 00:00:00 CAT 2018,True,Sat Dec 03 00:00:00 CAT 2022,Wed Jun 17 00:00:00 CAT 2009,Mauritius
82452a5b-dfae-40f2-a78b-b865b5905399,ydiaz,$WPiTmw96+,patient,Jonathan,Salinas,michael94@example.net,Mon Feb 17 00:00:00 CAT 2020,False,Sun Aug 02 00:00:00 CAT 2020,Thu Sep 01 00:00:00 CAT 2016,Philippines
2fca68c1-244c-438f-a52c-c4fa845cd656,benjamin93,#3XSS%Pcen,patient,Beth,Carpenter,lindaanthony@example.net,Thu Oct 05 00:00:00 CAT 2017,True,Tue Dec 24 00:00:00 CAT 2019,Mon Sep 01 00:00:00 CAT 2008,Mongolia
d7bd319c-196f-4be1-a578-667385565a13,campbellamanda,@8UOA9Mt8J,patient,Timothy,Vasquez,williamhess@example.net,Fri Jul 10 00:00:00 CAT 1992,False,Mon Nov 26 00:00:00 CAT 2018,Wed Aug 26 00:00:00 CAT 1970,Cocos (Keeling) Islands
dc553081-52e6-4e6d-9acb-d417b2758621,pwest,$4DNNi66LT,admin,Shelby,Marshall,shawnachavez@example.net,Mon Apr 08 00:00:00 CAT 2019,True,Tue Sep 21 00:00:00 CAT 2021,Thu Feb 18 00:00:00 CAT 1993,Cuba
c14c44d3-7e24-48bc-a015-0fc798e8afe3,tonyacortez,v(87L&_gIB,admin,Mary,Allen,frankjessica@example.org,Sat Oct 06 00:00:00 CAT 1984,True,Thu Apr 03 00:00:00 CAT 1997,Fri Apr 25 00:00:00 CAT 1952,Monaco
dcf7e9a3-f6b0-492b-8f55-02356aac4feb,sharonmeyer,4x4HTSxp!h,admin,Carrie,Shaffer,aanderson@example.com,Mon Jan 30 00:00:00 CAT 2023,False,Fri Jul 05 00:00:00 CAT 2024,Thu Sep 22 00:00:00 CAT 2022,Kenya
98469897-18a9-4e94-893b-17ffd9d1b0c6,richlaura,B64+Rye%+0,patient,Corey,Dalton,emilynunez@example.com,Wed Dec 13 00:00:00 CAT 2006,True,Mon Mar 19 00:00:00 CAT 2018,Wed Jun 27 00:00:00 CAT 2001,Croatia
d2c39fdc-e581-4e71-b6bb-75f1226d7647,nicholashill,!5aRZlan7f,patient,Corey,Johnson,belltanner@example.net,Mon Sep 19 00:00:00 CAT 2016,True,Thu Jul 13 00:00:00 CAT 2017,Mon Apr 22 00:00:00 CAT 2013,New Caledonia
3f5e05bf-3e2c-4591-af70-ad9014a64415,kimberlyblanchard,^grl+CIrB6,admin,Hannah,Guerrero,itaylor@example.com,Sun Nov 24 00:00:00 CAT 2013,False,Tue Jun 29 00:00:00 CAT 2021,Thu Jul 16 00:00:00 CAT 1992,Montenegro
a7f20e59-8cdf-4f07-95a9-f41def3cd5c9,katherinebush,)eo6R29ar!,admin,Bobby,Robinson,antoniojones@example.com,Tue Sep 12 00:00:00 CAT 2000,True,Sun Mar 04 00:00:00 CAT 2001,Wed Feb 23 00:00:00 CAT 1994,Peru
f2cc7ac8-07f3-4dd7-b15e-5256bf9b5fbe,jwells,duh)5BuUNu,admin,Thomas,Brown,qharris@example.net,Wed May 09 00:00:00 CAT 1990,True,Sat Jun 28 00:00:00 CAT 2014,Wed Mar 15 00:00:00 CAT 1967,Jersey
3a12e199-ad82-4ea9-bc9c-f20d3515088a,sergioperry,+yy5pE@u23,admin,Patrick,Stewart,sryan@example.org,Fri Dec 29 00:00:00 CAT 2023,False,Tue May 28 00:00:00 CAT 2024,Tue Jan 26 00:00:00 CAT 2021,Congo
05d13ad3-9e6e-4baa-9024-ff4ba060ff58,uvaldez,wZ3N2Oqt&d,admin,Laura,Jacobs,emcmahon@example.com,Sat Oct 07 00:00:00 CAT 2017,False,Tue Mar 23 00:00:00 CAT 2021,Thu Mar 07 00:00:00 CAT 1996,Albania
ead85a47-162a-477a-ac1e-2726397ad9a5,johnsoneric,a1CkV&J_&7,admin,Gregory,Baker,douglascox@example.org,Fri Sep 10 00:00:00 CAT 2021,False,Sat Jun 10 00:00:00 CAT 2023,Fri May 15 00:00:00 CAT 1953,Barbados
68d7f135-0c6a-4f6d-b2f8-57ca18537d5d,richard40,%(fWrp_gl6,admin,Leon,Mahoney,vtyler@example.org,Thu Oct 14 00:00:00 CAT 1999,True,Mon Oct 14 00:00:00 CAT 2013,Tue Feb 18 00:00:00 CAT 1958,Somalia
d476e57e-c86d-4216-8290-dc857a326539,katie11,UUf3txWg^0,admin,Rhonda,Williams,uhardin@example.org,Tue Dec 01 00:00:00 CAT 1998,True,Wed Apr 20 00:00:00 CAT 2005,Wed Dec 17 00:00:00 CAT 1958,France
f9ee47e2-de56-4208-9844-020add898e03,kevinschmidt,h)#83OGzm^,patient,Cathy,Allen,billygay@example.com,Fri May 16 00:00:00 CAT 2008,False,Tue Oct 03 00:00:00 CAT 2023,Wed Jun 04 00:00:00 CAT 2003,Iceland
84793a83-000a-476c-a2c2-772df60a1040,pwallace,f+FF2AZr#1,patient,Christopher,Brown,stacybaker@example.net,Thu Jul 31 00:00:00 CAT 1997,False,Sat Feb 19 00:00:00 CAT 2005,Mon Apr 27 00:00:00 CAT 1959,Saint Lucia
1036085e-b0fd-4929-b092-71803fa89984,johnlopez,vy22DgZS^P,patient,Robert,Romero,hornkenneth@example.net,Thu May 19 00:00:00 CAT 1955,False,Sun Jun 28 00:00:00 CAT 1998,Sat Dec 13 00:00:00 CAT 1952,Antarctica (the territory South of 60 deg S)
8b2f7584-aef6-4495-965c-9e272507580b,kristina03,H2o9LJmx^P,patient,William,Poole,dianamiller@example.org,Sat Feb 29 00:00:00 CAT 2020,True,Mon Dec 14 00:00:00 CAT 2020,Wed Nov 05 00:00:00 CAT 2014,New Caledonia
be4fcd51-d725-4f73-9848-e22806a659e4,johnsonwilliam,@0H_#CWupJ,admin,Garrett,Jones,spierce@example.net,Sat Jul 14 00:00:00 CAT 2018,True,Tue Apr 30 00:00:00 CAT 2024,Tue Mar 26 00:00:00 CAT 1991,Palestinian Territory
0ed1b252-5210-4011-ae22-d86c58a4495a,sandra75,7+yr2Fw0yY,admin,Samantha,Knox,awoods@example.com,Mon Feb 10 00:00:00 CAT 2014,True,Thu Jan 23 00:00:00 CAT 2020,Tue Mar 11 00:00:00 CAT 1997,Sri Lanka
6dcab3ec-1a87-454b-83ee-9c2eacbd5d7a,michaelbernard,W1ejOzNj#Y,admin,Paul,Saunders,elizabethward@example.net,Sat Aug 15 00:00:00 CAT 1998,True,Sun Jul 14 00:00:00 CAT 2002,Mon Jan 08 00:00:00 CAT 1996,Zambia
746f1a41-eb59-4d04-b337-453e6e5494dd,donaldblack,^61kwOhV)G,admin,Teresa,Mosley,sandragonzalez@example.com,Fri May 01 00:00:00 CAT 2020,False,Fri Apr 07 00:00:00 CAT 2023,Thu Oct 01 00:00:00 CAT 1998,Monaco
e7d0bf6e-daf9-4d8a-90a7-a1340f63bb7a,dmyers,W%fH19CqMC,admin,James,Wright,fwhite@example.net,Wed Jun 21 00:00:00 CAT 1967,True,Fri Apr 28 00:00:00 CAT 2000,Sun Jan 06 00:00:00 CAT 1957,Saint Pierre and Miquelon
83a09624-b925-4d05-aed0-31682dac75d4,stephaniewood,)!Y7*Ue^!j,admin,Christopher,Baker,davidsutton@example.com,Sat Jan 30 00:00:00 CAT 2016,True,Mon Sep 02 00:00:00 CAT 2019,Fri May 20 00:00:00 CAT 1977,United States Minor Outlying Islands
011d16be-a329-4f41-8f62-ab21407b827e,donald29,NE+P8IKdid,patient,Tammy,Marsh,teresajimenez@example.com,Fri Aug 05 00:00:00 CAT 2022,False,Thu Oct 12 00:00:00 CAT 2023,Mon Jan 29 00:00:00 CAT 2018,Benin
6b59c6c8-2122-4a8f-bfc2-2f0389ca5472,amartin,h@5771Yu@%,patient,Matthew,Johnson,qross@example.com,Sat Oct 30 00:00:00 CAT 2021,False,Mon Oct 09 00:00:00 CAT 2023,Fri Apr 05 00:00:00 CAT 1991,Malaysia
b09d72a9-7480-49e8-9839-f9bd83cf37c8,leestephanie,#yPPTP$qv4,patient,Robert,Smith,jenniferjohnson@example.net,Sun Aug 21 00:00:00 CAT 1994,False,Wed Feb 23 00:00:00 CAT 2022,Fri Nov 30 00:00:00 CAT 1951,Yemen
e5fdc133-549e-4946-ae5f-f670553e4334,michaelmccoy,dm(9GXPo*X,patient,Jason,Garcia,janderson@example.org,Mon Sep 11 00:00:00 CAT 1995,False,Tue Jul 01 00:00:00 CAT 2014,Thu Feb 06 00:00:00 CAT 1986,Greenland
c53a9291-edce-4b45-8874-80e63115c9a5,dmartin,$8lNC8DOnV,admin,Joseph,Diaz,stevewallace@example.org,Fri Aug 07 00:00:00 CAT 2020,False,Thu Jan 12 00:00:00 CAT 2023,Mon Mar 16 00:00:00 CAT 2020,Sweden
fc68668e-98ab-4ce4-9a1d-77e309275d51,hsanchez,$&9WLQuM%5,admin,Nancy,Bailey,delacruzmatthew@example.org,Fri Nov 03 00:00:00 CAT 2000,True,Wed Oct 09 00:00:00 CAT 2002,Sat Aug 20 00:00:00 CAT 1983,Mali
ede7919a-11d9-42cf-a40d-e4deb61fe29f,fblake,9L+0gsKxoS,admin,Marie,Gallagher,afoster@example.net,Thu Apr 26 00:00:00 CAT 2018,True,Thu May 21 00:00:00 CAT 2020,Wed May 22 00:00:00 CAT 1991,Guadeloupe
0d13e310-6ce7-4471-9236-120437ca511d,oramirez,$7bEIt9bj0,patient,Michele,Wright,alfred32@example.net,Tue Jan 05 00:00:00 CAT 2010,False,Thu Feb 21 00:00:00 CAT 2013,Tue Sep 05 00:00:00 CAT 1995,Mayotte
dd959cb0-705e-4a26-bc7a-ade8dc6a2317,warnerjennifer,MCC%z8Mz(^,admin,Daniel,Garcia,qcastillo@example.net,Wed Feb 25 00:00:00 CAT 2009,False,Wed Jul 22 00:00:00 CAT 2020,Sat Aug 11 00:00:00 CAT 2007,Aruba
97ab4c46-63c1-4a3f-96a6-32f9d0963033,nmaldonado,_0tJ%7d$$),admin,Shannon,Terry,eric21@example.net,Thu Feb 16 00:00:00 CAT 1995,False,Tue May 02 00:00:00 CAT 2006,Wed Jun 02 00:00:00 CAT 1954,Angola
79312474-9c55-414c-ad9f-d683de4a6878,joseph76,S+d0wZJsX7,patient,Meagan,Greer,yarcher@example.net,Sun Jan 19 00:00:00 CAT 2014,True,Sat Sep 27 00:00:00 CAT 2014,Thu Jan 16 00:00:00 CAT 1997,Israel
b8fed419-cc17-42a1-ad53-92fc054835ef,davismanuel,&oS^O)Hy46,patient,Debra,Miller,rthompson@example.com,Sun May 12 00:00:00 CAT 1974,True,Sat Apr 06 00:00:00 CAT 1991,Sat Mar 11 00:00:00 CAT 1961,Tonga
72561910-efd9-474c-8c52-8bed4fdda318,haleymack,fH2)nFhR0(,admin,Rebecca,Freeman,nguyenrachel@example.org,Tue Oct 21 00:00:00 CAT 1980,True,Sun Feb 22 00:00:00 CAT 1987,Tue Aug 08 00:00:00 CAT 1978,Niue
f6630ace-51bd-4880-8b6b-16475b5d3852,mgonzalez,jK*D2Ogy%K,admin,Michelle,Rice,banksjonathan@example.org,Thu Oct 05 00:00:00 CAT 2017,True,Sat Oct 14 00:00:00 CAT 2023,Mon Aug 03 00:00:00 CAT 2015,Honduras
0099b85f-cb40-4f21-982f-64919bb30951,sarah13,)8KyatRs7j,admin,Robert,Hood,robertsonandrew@example.org,Wed Jun 08 00:00:00 CAT 1994,False,Sun Nov 23 00:00:00 CAT 2008,Sun Nov 21 00:00:00 CAT 1976,Sudan
37c8f4f7-55d2-4ab1-a837-ebba7129806f,pkrause,l7Lpxaqe!1,patient,Lisa,Jackson,davisangela@example.org,Mon Feb 17 00:00:00 CAT 2020,True,Sun May 24 00:00:00 CAT 2020,Sun May 30 00:00:00 CAT 2010,Ecuador
05266524-7438-4f33-87b3-52a9474e4fbb,jonathan78,+2jA@mmU)4,patient,Rachel,Garcia,robinlewis@example.net,Thu Mar 18 00:00:00 CAT 1993,False,Tue Nov 12 00:00:00 CAT 1996,Mon Sep 19 00:00:00 CAT 1988,Congo
9af4c479-6471-472b-8f66-c69adc1d7b4d,ktorres,@9XapD*^Gh,patient,Steven,Morales,walkerrobert@example.net,Mon Dec 26 00:00:00 CAT 2011,True,Sat Jan 11 00:00:00 CAT 2020,Sun Jun 18 00:00:00 CAT 2006,Belize
0c68271b-4686-47ad-bf43-330a691e696f,jonwilson,_k$eC6Bz0E,patient,Andrew,Cobb,gardnerjames@example.com,Sat Jul 24 00:00:00 CAT 1999,True,Sun Feb 24 00:00:00 CAT 2019,Thu Jan 25 00:00:00 CAT 1996,United Kingdom
77681de4-aea6-4c64-a55d-1b2fdfcfc518,tcrawford,D92cFHyrt#,patient,Sandra,Montoya,rodriguezderrick@example.com,Tue Aug 12 00:00:00 CAT 2014,True,Thu Jul 25 00:00:00 CAT 2019,Fri Aug 03 00:00:00 CAT 1990,Netherlands
0ecff3ad-bff1-45d1-b99e-4c480ae0954b,efrench,*7Pl(^@(^K,admin,Joseph,Lewis,brianperez@example.net,Wed May 15 00:00:00 CAT 2024,True,Fri Jun 14 00:00:00 CAT 2024,Mon Aug 16 00:00:00 CAT 2021,Taiwan
99cadd0c-a1eb-4125-b77b-b6429397f59a,april62,@%XozasTw3,patient,Jennifer,Becker,charles80@example.org,Wed Oct 29 00:00:00 CAT 2014,True,Sat Apr 29 00:00:00 CAT 2017,Tue Dec 02 00:00:00 CAT 1952,Chad
96dfabeb-473e-418d-80af-bc2f4bb96251,fredbenson,_+5G7Vdfh9,admin,Nicolas,Howell,jeffreyespinoza@example.net,Thu Apr 18 00:00:00 CAT 2024,False,Mon Apr 29 00:00:00 CAT 2024,Sat Mar 18 00:00:00 CAT 2023,Korea
8353e08c-4c67-4f00-a882-286347d18e83,xsherman,IJJ!RQ$z+1,patient,Kristen,Elliott,veronica19@example.com,Wed Mar 23 00:00:00 CAT 2011,False,Mon Oct 10 00:00:00 CAT 2016,Sat Jan 17 00:00:00 CAT 2009,Nigeria
f547a05c-2812-4829-a294-f45ee17f0fcb,whitedavid,U^9sQL#pOe,patient,Heather,Christian,melissa28@example.org,Wed Oct 07 00:00:00 CAT 2009,False,Thu Dec 08 00:00:00 CAT 2016,Sat Oct 11 00:00:00 CAT 1969,Cook Islands
a122441e-5ce0-4a9e-8889-135ad68f96e0,madelinechapman,*GHYbJ*O97,admin,Mario,Martin,hudsondanielle@example.org,Mon Dec 11 00:00:00 CAT 2023,True,Fri May 10 00:00:00 CAT 2024,Sat May 23 00:00:00 CAT 2009,Senegal
daff45c2-8b4b-4543-a502-6abc26083677,andreamills,@G2kRnfK!s,admin,Joe,Valdez,jacksonholly@example.org,Wed Jan 23 00:00:00 CAT 2008,True,Tue Oct 14 00:00:00 CAT 2008,Sat May 22 00:00:00 CAT 1993,Ghana
1e6cf6da-637e-400e-8411-41c0c2bf907a,paulgriffin,u9$4r0XysZ,patient,Ronald,Simmons,pschaefer@example.net,Sat Oct 14 00:00:00 CAT 2023,True,Fri Jan 19 00:00:00 CAT 2024,Wed Jun 29 00:00:00 CAT 1955,Dominican Republic
b255c5c5-0e26-4d7c-a3b2-ff57129f7156,campbellbrittney,)9IAcfhr91,admin,Alejandro,Gardner,susanbuchanan@example.com,Sun Dec 24 00:00:00 CAT 2023,False,Thu Apr 25 00:00:00 CAT 2024,Tue Sep 18 00:00:00 CAT 2001,Iraq
a33f34b6-2daf-4c1d-9bd6-ec1cd67e4ecc,bassrobert,_d1sOtC8U&,patient,Chad,Baker,michaeljohnson@example.com,Wed Feb 12 00:00:00 CAT 1964,True,Sat Jun 11 00:00:00 CAT 2005,Thu Jun 18 00:00:00 CAT 1953,Bhutan
665ceb19-cb9b-40af-ba1f-b33d733d81d1,morganchristopher,+(4uu*Tq9Q,patient,Joseph,Estes,michael58@example.org,Sun Dec 20 00:00:00 CAT 1964,True,Sat Nov 16 00:00:00 CAT 1974,Sat Dec 15 00:00:00 CAT 1962,Senegal
d7c292e8-f512-470c-b169-e5282553d642,ebennett,&+X4aXUtxR,patient,Jamie,Warner,zamorachristopher@example.com,Tue Nov 29 00:00:00 CAT 2016,False,Fri Oct 11 00:00:00 CAT 2019,Wed Mar 26 00:00:00 CAT 2003,Venezuela
78174fb3-2f00-439c-8a85-753896750b37,vpatterson,Wbu8)7CxJ),admin,Ryan,Gomez,uramirez@example.net,Sun Aug 01 00:00:00 CAT 2004,True,Wed Jul 27 00:00:00 CAT 2022,Wed Oct 27 00:00:00 CAT 1999,Bahrain
25dd44ac-0df6-4011-97f5-ce1ce2ebd516,andreathomas,_8#EUjs*#2,patient,Laura,Ryan,reevesdebra@example.net,Sat Dec 24 00:00:00 CAT 2011,True,Sat Oct 24 00:00:00 CAT 2015,Mon May 27 00:00:00 CAT 1991,Bahrain
52697716-297f-4080-832e-1ea1ad123e9d,jnelson,a@0P3EIp_),patient,Jack,Howell,thomas84@example.com,Fri Jul 03 00:00:00 CAT 1970,False,Tue Aug 27 00:00:00 CAT 1974,Sun Dec 09 00:00:00 CAT 1956,Austria
873e7503-85a3-4bf0-84e6-e97fd00976a2,simmonsmichael,+z2Knctn!D,patient,Angela,Robinson,philip59@example.org,Mon Jun 08 00:00:00 CAT 1992,False,Sun Dec 04 00:00:00 CAT 1994,Mon May 26 00:00:00 CAT 1952,Zimbabwe
03a2c5e5-052f-4885-9828-16de00bcfbb8,johnsonjoshua,AcYSI2P5&+,patient,Gabrielle,Hernandez,amytravis@example.org,Sun Oct 03 00:00:00 CAT 2021,True,Mon Oct 18 00:00:00 CAT 2021,Sun Sep 18 00:00:00 CAT 2005,France
3fa2714d-37c2-44ff-a11f-34cee3fa4c9e,iadams,!g&UAjsU12,admin,Amanda,Johnson,samuelphillips@example.org,Fri Nov 11 00:00:00 CAT 2005,True,Mon Jul 26 00:00:00 CAT 2010,Mon Jan 20 00:00:00 CAT 2003,New Zealand
549e29e8-b924-407c-a90f-f16176afdbf0,gsmith,9%91coRbVK,admin,Nicole,Torres,michaelwilliams@example.org,Tue Mar 30 00:00:00 CAT 1999,True,Fri Jun 12 00:00:00 CAT 2015,Tue Oct 18 00:00:00 CAT 1949,Svalbard & Jan Mayen Islands
6e98f4d5-d787-4cea-9ee3-70ebf0da929b,halesamuel,Z8X(Rru8#F,patient,Thomas,Parks,theodore10@example.org,Tue Nov 27 00:00:00 CAT 2012,True,Tue Oct 17 00:00:00 CAT 2017,Sat Oct 06 00:00:00 CAT 2001,Korea
0f1a2aad-0cc9-44b6-a644-999d1a26846b,christopher69,zY%ZNpTG@0,patient,Katherine,Pham,allen60@example.com,Sun Nov 22 00:00:00 CAT 2009,False,Wed Dec 27 00:00:00 CAT 2017,Tue Aug 12 00:00:00 CAT 2008,Montserrat
0531a227-3d71-4407-ab08-08e6da161538,brandonharvey,&0PL5UEz#E,patient,Brett,Wilcox,kevin21@example.com,Mon Sep 15 00:00:00 CAT 2008,True,Sat Mar 19 00:00:00 CAT 2016,Tue Dec 19 00:00:00 CAT 2000,Senegal
5573ea19-eb56-4df0-89ef-f2d34f136c9b,garnerbrittney,+hLcU^#Jl2,admin,Whitney,Berg,jenniferbennett@example.org,Sun Aug 25 00:00:00 CAT 1985,True,Wed Jun 20 00:00:00 CAT 2018,Mon Jan 02 00:00:00 CAT 1984,Libyan Arab Jamahiriya
7682be7b-1277-4f48-b5e6-a4f9d09ac7a3,carrillomartin,95bUBbit!5,patient,John,Schwartz,douglasbowman@example.net,Fri Oct 12 00:00:00 CAT 1990,False,Sat May 16 00:00:00 CAT 2020,Tue Jan 21 00:00:00 CAT 1964,Maldives
037319c5-3768-4eab-8088-7aae43feaa45,marshallbill,x$n9GBut8l,admin,Mary,James,powellphilip@example.org,Sun Jul 13 00:00:00 CAT 2014,False,Thu Mar 16 00:00:00 CAT 2017,Wed Dec 26 00:00:00 CAT 2007,Poland
eff14247-50b5-45fc-9a36-368cf38348de,sherriweber,+DCcD0Uo59,admin,Jonathan,Ramos,brobles@example.net,Fri Aug 15 00:00:00 CAT 2008,False,Tue Mar 02 00:00:00 CAT 2010,Fri May 04 00:00:00 CAT 1979,Gibraltar
086a986b-7c56-491b-b3f4-21440553f3f5,hallashley,&LHeUedO64,admin,Heather,Richardson,joshuasawyer@example.com,Sun Dec 20 00:00:00 CAT 2015,False,Wed May 31 00:00:00 CAT 2017,Wed Jul 10 00:00:00 CAT 2002,Estonia
1d893180-a492-433e-8d8d-54ba57f1f2fd,luisjohnson,f$3b3Ol^LI,patient,Richard,Quinn,wesleycarter@example.org,Wed Jul 31 00:00:00 CAT 2019,False,Mon Nov 07 00:00:00 CAT 2022,Sun Mar 09 00:00:00 CAT 2014,Myanmar
280b472c-5cb9-4cf1-bf1c-0fe8d81dc927,julie06,qN&I8Sf1wz,patient,Holly,Rose,gonzalezamanda@example.net,Tue Nov 25 00:00:00 CAT 1997,False,Tue Feb 14 00:00:00 CAT 2023,Tue Sep 23 00:00:00 CAT 1958,Norway
876254ac-6c05-4216-b2e5-717d1957d0f3,richardsamantha,&)9Ze3cp&3,patient,Tina,Boyd,brucemcdonald@example.org,Mon Jun 16 00:00:00 CAT 1958,True,Sat Sep 17 00:00:00 CAT 1977,Fri May 10 00:00:00 CAT 1957,Nepal
331f3be2-73a9-4f23-aa83-d40ed9595fe2,larry58,CDPlplXF&1,patient,Jessica,Pearson,bartlettjeremiah@example.com,Sat Oct 29 00:00:00 CAT 2022,True,Mon Dec 19 00:00:00 CAT 2022,Tue Mar 10 00:00:00 CAT 1981,New Caledonia
b5b878e3-d33c-405d-81f3-7e6b8fc0f48a,gsullivan,k0Ehil7v(2,admin,Brandi,Vance,wilsonjulie@example.net,Sat Jun 06 00:00:00 CAT 2015,False,Sat Nov 05 00:00:00 CAT 2022,Fri Sep 05 00:00:00 CAT 1969,Libyan Arab Jamahiriya
391fabb4-b19e-4187-8ebb-e92e833cd3d4,rodriguezpeter,d5EQRweZ&Q,admin,Jason,Baker,grayjessica@example.org,Tue May 19 00:00:00 CAT 2015,True,Fri Jul 12 00:00:00 CAT 2019,Tue Dec 14 00:00:00 CAT 2004,Madagascar
4e47397c-7523-413d-a8f0-56f6274ddd1d,vjohnson,$HBKfKn@)2,admin,Kevin,Stanley,monique05@example.net,Mon Jan 01 00:00:00 CAT 2018,False,Fri Oct 06 00:00:00 CAT 2023,Tue Oct 30 00:00:00 CAT 2007,Ghana
2aea330b-fedb-4957-af3e-462db2f3fca2,popekevin,n$T3LpWRNO,admin,Donald,Guerra,opatton@example.net,Sun Dec 14 00:00:00 CAT 1975,True,Tue Mar 09 00:00:00 CAT 2010,Wed Feb 25 00:00:00 CAT 1953,Morocco
15d35010-f504-49d6-a624-ae713fe1cf64,ohowell,#pGr7AzvrR,admin,Gary,Cooper,kimberlyowens@example.net,Thu Sep 30 00:00:00 CAT 1965,True,Fri Nov 22 00:00:00 CAT 2013,Sat Nov 08 00:00:00 CAT 1952,Saint Barthelemy
04b0aa5a-1e01-47f6-b6f5-9181699a173e,garrettjulia,A$6CH4czw+,patient,George,Wiley,pattonkimberly@example.org,Sun Jul 26 00:00:00 CAT 1998,True,Sat Feb 18 00:00:00 CAT 2006,Tue Jul 28 00:00:00 CAT 1987,Cook Islands
39b04737-879a-4679-a618-27a81b052ec4,lhudson,0hdy*CCv&q,patient,April,Allen,rcarter@example.org,Tue Mar 07 00:00:00 CAT 2023,False,Wed Jan 17 00:00:00 CAT 2024,Mon Feb 04 00:00:00 CAT 2019,Madagascar
db1bf41e-8ab6-4eb5-9f29-0b9e01134868,lawrence79,Udna(Lcu%8,patient,Brian,Nguyen,hhall@example.net,Sat Jan 09 00:00:00 CAT 2010,True,Thu Sep 02 00:00:00 CAT 2021,Sat Jul 26 00:00:00 CAT 2008,Netherlands Antilles
cc116b80-5458-4690-864c-f0a90275f4bc,ssnow,G!8j^YgKpq,patient,Michael,Jefferson,brian49@example.org,Wed Mar 22 00:00:00 CAT 1972,True,Tue Jan 05 00:00:00 CAT 2016,Thu Dec 04 00:00:00 CAT 1958,Canada
e0870965-293e-4783-8d4a-6cd1f10eaade,victoriarowe,&%2_H8fiA0,admin,Ryan,Floyd,rebecca45@example.com,Fri Nov 27 00:00:00 CAT 2015,True,Mon Jan 11 00:00:00 CAT 2016,Sat Sep 12 00:00:00 CAT 2015,Qatar
b2ba0d90-c144-4073-842c-26a156eebb0a,masonvaldez,^31!yZhg3$,admin,Stephanie,Alvarez,abigailchristian@example.org,Sat Jan 15 00:00:00 CAT 2022,False,Tue Mar 12 00:00:00 CAT 2024,Mon May 30 00:00:00 CAT 1977,Japan
65636f8d-2d46-4821-a725-e630438ff707,ncraig,K2FXlzu1@F,admin,Desiree,Clark,carlosfuller@example.com,Fri May 10 00:00:00 CAT 1974,True,Tue May 28 00:00:00 CAT 1996,Mon May 28 00:00:00 CAT 1973,Iceland
cd51b556-be1a-4029-92bd-e593ec38a323,lisa06,yuwWQXk#!8,admin,Karen,Cruz,lbowen@example.com,Sat Aug 08 00:00:00 CAT 2015,True,Mon Jan 15 00:00:00 CAT 2018,Fri May 04 00:00:00 CAT 1990,Turkey
7f04267b-f538-4dc8-9ab0-62ce8b0f0e01,tina75,(9%HVEyx3p,patient,Jenny,Garcia,theresa87@example.net,Fri Jan 23 00:00:00 CAT 2004,True,Mon Jan 02 00:00:00 CAT 2017,Mon Jan 25 00:00:00 CAT 1982,South Africa
c9192a31-e802-428f-80fd-5d7fd9e3344a,pmorales,tN8KF7ch!w,admin,Sarah,Harrington,alexandermyers@example.com,Tue Jul 01 00:00:00 CAT 2003,False,Mon Dec 29 00:00:00 CAT 2008,Wed Mar 04 00:00:00 CAT 1964,Botswana
0a5a1f34-b459-415c-adc8-4234f59686d0,ymyers,$6)Uf8Rkmj,admin,Randall,Sanchez,virginia35@example.org,Thu Jun 16 00:00:00 CAT 1977,True,Wed Jun 03 00:00:00 CAT 2009,Sun Nov 02 00:00:00 CAT 1952,Ireland
67c7e182-4416-48c5-950c-a5ed5218d871,ryanhopkins,@uUXFN_xk8,admin,Cathy,Vazquez,pfisher@example.org,Sun Jun 03 00:00:00 CAT 2001,False,Sun Apr 09 00:00:00 CAT 2023,Sun Oct 08 00:00:00 CAT 2000,Cayman Islands
57a7af3a-dd14-4347-8913-65c2230142dc,tyler12,^Njp5DAvYg,patient,Austin,Acosta,harrisonjacob@example.org,Thu Jul 30 00:00:00 CAT 1987,False,Mon Nov 01 00:00:00 CAT 2021,Fri Mar 19 00:00:00 CAT 1954,Mexico
dd79e868-c696-4c73-b5ea-b39a5966abf0,norrispatricia,5^0SM6qfje,patient,Melissa,Reynolds,dwright@example.net,Fri Dec 07 00:00:00 CAT 1990,True,Mon Nov 12 00:00:00 CAT 2012,Tue Jun 12 00:00:00 CAT 1990,Brunei Darussalam
6efd75ad-dbe0-4018-a091-052b6a53344b,joe79,)2Fv3tNiGS,admin,William,Gray,gonzalezdonald@example.net,Sun Apr 08 00:00:00 CAT 2018,True,Sat Aug 03 00:00:00 CAT 2024,Fri Apr 03 00:00:00 CAT 2015,Cayman Islands
56470de7-c0cc-4876-bebb-ffcc86c6531e,changbruce,+0LQSvjQkp,admin,Donna,Lopez,martinmason@example.com,Wed Jun 26 00:00:00 CAT 2024,False,Wed Jun 26 00:00:00 CAT 2024,Sun Apr 28 00:00:00 CAT 2024,Iraq
f417e140-d949-44f6-b5cc-4717e05649b0,wjones,@3ZGoYlbR!,patient,Julie,Davis,gregoryevan@example.com,Sun Aug 23 00:00:00 CAT 1970,False,Wed Jan 14 00:00:00 CAT 1976,Mon Jan 14 00:00:00 CAT 1963,Sudan
966a0b88-5f98-4a82-b66f-277083a5ce41,theresa98,#*UFh#Wcp2,admin,Adam,Johnson,ealvarez@example.net,Sun Jul 11 00:00:00 CAT 2010,True,Tue Nov 22 00:00:00 CAT 2016,Thu Aug 22 00:00:00 CAT 1991,Russian Federation
fe3e3bd8-d0c7-4696-b9e8-4e6e3a3d3dcf,henry67,kT9pjGokV),admin,David,Blankenship,juliabyrd@example.org,Thu May 06 00:00:00 CAT 2004,False,Fri Dec 26 00:00:00 CAT 2008,Wed Aug 12 00:00:00 CAT 1998,Somalia
0e833bf8-8c1e-4297-ac08-5698025595c5,kimberlypeters,Opp1pVVAE@,admin,Jasmine,Rowe,michael19@example.org,Wed Oct 28 00:00:00 CAT 1998,False,Wed Jan 15 00:00:00 CAT 2014,Fri Feb 17 00:00:00 CAT 1984,Trinidad and Tobago
9e9784c3-bfd2-42d0-b5e8-2bdbd71f0270,georgewilliams,WAJAWfTw#0,patient,Robert,French,walkerchristopher@example.org,Sun Dec 31 00:00:00 CAT 1961,True,Sat Mar 27 00:00:00 CAT 1976,Thu Mar 20 00:00:00 CAT 1958,Kuwait
7b2150c8-1f41-400e-b738-f0dce828d3f6,joseph14,KB9cI*b!+Z,admin,Melissa,Garcia,jdunn@example.org,Fri May 18 00:00:00 CAT 2001,True,Sun Jun 24 00:00:00 CAT 2018,Tue Nov 11 00:00:00 CAT 1980,Honduras
d8268d00-fb9f-49c6-ad8e-d9634d2bc5b4,fharris,G768C8@o6),patient,Richard,Stevens,rhondaholmes@example.com,Thu May 14 00:00:00 CAT 1998,True,Mon Mar 30 00:00:00 CAT 2020,Sun Oct 27 00:00:00 CAT 1974,Namibia
561503ab-5372-4508-83bc-707c9b1f0b33,taylorangie,r@XyTWfH&7,patient,Gregory,Mcpherson,ltran@example.net,Wed Jan 03 00:00:00 CAT 2024,True,Tue Apr 30 00:00:00 CAT 2024,Mon Mar 27 00:00:00 CAT 2023,Belarus
1b361ee6-62fb-4ff1-aa99-e452d9059f16,amberherrera,^ZUjeouGQ0,patient,Denise,Cook,smay@example.net,Sat Nov 26 00:00:00 CAT 2022,False,Sun Aug 20 00:00:00 CAT 2023,Wed Oct 05 00:00:00 CAT 2022,American Samoa
ed79de9c-ef96-4f18-9277-0f3bf52883a3,hubbardjulie,)Xs24Ll$bN,admin,James,Reyes,krystal19@example.org,Tue Jun 08 00:00:00 CAT 2021,False,Sun Dec 26 00:00:00 CAT 2021,Sat Jul 24 00:00:00 CAT 1999,Micronesia
f159600d-20ca-4d1e-9b56-870b1d95e451,bpreston,L^84Bxw1^q,admin,Wayne,Kim,pwilliams@example.org,Sat Jan 15 00:00:00 CAT 1966,False,Tue Aug 03 00:00:00 CAT 1993,Sun Nov 21 00:00:00 CAT 1965,Antarctica (the territory South of 60 deg S)
25e0ec9e-c1bf-40fd-8ad0-05963149b713,brittany65,Btr7fXzgF!,patient,Charles,Martinez,david94@example.net,Tue Jan 05 00:00:00 CAT 1988,True,Sun Jul 31 00:00:00 CAT 2016,Sat Jan 11 00:00:00 CAT 1986,Yemen
bb9f3db2-a7ff-46fd-a13d-0db5452e6750,brettgonzales,+YeyIo%wU0,patient,William,Good,vstout@example.com,Tue Feb 16 00:00:00 CAT 2021,True,Mon Feb 28 00:00:00 CAT 2022,Fri Oct 29 00:00:00 CAT 1999,Comoros
5549d190-0b3e-4521-88ab-521e7ace2437,michael47,pp$v8L3mF*,patient,Alexander,Ochoa,debra19@example.org,Wed Jun 21 00:00:00 CAT 1989,False,Thu Dec 15 00:00:00 CAT 2005,Tue Jun 30 00:00:00 CAT 1959,Vanuatu
d293ddb0-f42f-4858-9bca-bcb04bca8667,kellywells,qe7PGRCg4!,patient,Nicholas,Lopez,michelle72@example.net,Sat Mar 28 00:00:00 CAT 1992,True,Sat Oct 24 00:00:00 CAT 2015,Thu Apr 30 00:00:00 CAT 1981,United Arab Emirates
0e1710d3-9c1c-43c6-b033-7269c3590ab1,donna62,S#7Iuf(A7W,admin,Joseph,Fleming,alexanderrios@example.net,Wed Jan 02 00:00:00 CAT 2008,False,Wed Nov 06 00:00:00 CAT 2019,Sat Oct 20 00:00:00 CAT 2007,Tokelau
dc26bfe5-a837-4a1d-8cf9-89872059c318,mevans,A9X5dxWkA^,patient,Patricia,Holmes,zthomas@example.com,Tue Apr 07 00:00:00 CAT 2020,False,Sun Sep 19 00:00:00 CAT 2021,Sun Mar 31 00:00:00 CAT 2013,Marshall Islands
6ed95027-a58e-4cb2-9aaf-cb90b06644eb,feliciabarrett,!5eE&UCk9V,admin,Joseph,Cunningham,smeyer@example.net,Wed May 31 00:00:00 CAT 2023,False,Mon Sep 11 00:00:00 CAT 2023,Tue Nov 16 00:00:00 CAT 2021,Niue
eb055ba3-6e14-48ae-b11d-0d9c152f8b2f,darren27,%sXI7CUj&w,admin,Jessica,Frank,xmartinez@example.org,Wed Nov 19 00:00:00 CAT 2014,True,Sun Mar 26 00:00:00 CAT 2017,Sat Aug 04 00:00:00 CAT 2007,Tokelau
f329a48c-010d-49b7-82c8-4ccc232d5dad,orodriguez,7IHVnaU7@(,admin,Nicole,Scott,mark66@example.com,Wed Mar 06 00:00:00 CAT 2024,False,Sat Aug 03 00:00:00 CAT 2024,Thu Nov 19 00:00:00 CAT 2015,Palau
6e6a8d53-2cd1-42be-a35f-7705a0be8351,vshepherd,Xvf6qHnLK),admin,Christopher,Bell,michaelpayne@example.com,Thu Feb 23 00:00:00 CAT 2023,False,Thu Mar 28 00:00:00 CAT 2024,Mon Apr 25 00:00:00 CAT 2011,Venezuela
5278a318-424f-4ad5-a9ea-7097400c3395,paula37,%$6wKlpRWQ,admin,Jeremy,Thompson,waltondean@example.net,Fri Dec 28 00:00:00 CAT 2012,False,Sun Dec 02 00:00:00 CAT 2018,Thu Oct 20 00:00:00 CAT 1983,Tanzania
91659e08-bdee-4b79-ae17-a53003d97b4e,blackwellamy,c0tKiYme$T,patient,Christine,Carter,ryates@example.org,Tue Jul 16 00:00:00 CAT 2024,False,Fri Jul 26 00:00:00 CAT 2024,Wed Nov 30 00:00:00 CAT 2022,Ukraine
ef8797d1-fc49-413b-9891-e28fa5221080,lfoley,*N5CG^lq)7,admin,Aaron,Crosby,lisabenson@example.net,Sun Nov 07 00:00:00 CAT 1993,False,Mon May 22 00:00:00 CAT 2000,Mon Oct 01 00:00:00 CAT 1984,Ecuador
bc4b1729-2610-4f7e-88cb-1d78e4d384a1,stephen21,sy!9iNHsE%,patient,Carrie,Walls,xcook@example.com,Tue May 31 00:00:00 CAT 1988,False,Thu Apr 13 00:00:00 CAT 1989,Wed Jul 08 00:00:00 CAT 1953,Malawi
eb364112-eb06-4082-8547-87f0d20eaddf,kmitchell,#RZBY)_f_6,patient,Mark,Powell,zmartin@example.com,Sun Nov 07 00:00:00 CAT 2021,False,Fri Nov 24 00:00:00 CAT 2023,Thu Jul 16 00:00:00 CAT 2020,Saint Helena
e03f7299-cc31-4c66-bc24-eeb869c55ebc,ypatterson,#Qbf4W(b#3,patient,Karen,Evans,norman89@example.com,Mon Dec 16 00:00:00 CAT 2002,False,Fri Dec 03 00:00:00 CAT 2021,Fri Mar 31 00:00:00 CAT 1978,Saint Kitts and Nevis
ed54eb42-99ec-490c-9f81-40f16a02a819,jacosta,!N0Rhdc2o#,patient,Tasha,Wagner,teresaaguirre@example.com,Sat Jan 15 00:00:00 CAT 2022,True,Mon Jun 27 00:00:00 CAT 2022,Thu May 28 00:00:00 CAT 2020,Turkey
efbdce30-13ef-47c2-945d-c30b28d3dfba,sgonzalez,nf*78BIyDb,patient,Mary,Ward,smithbriana@example.net,Tue Jun 21 00:00:00 CAT 2016,False,Wed Dec 14 00:00:00 CAT 2016,Thu Aug 15 00:00:00 CAT 1991,Peru
b5d20212-274e-40a1-90ae-3b83a5c08391,msharp,1lqTONu!%r,admin,Justin,Smith,gevans@example.org,Sun Aug 10 00:00:00 CAT 2008,False,Tue Mar 29 00:00:00 CAT 2016,Mon Aug 07 00:00:00 CAT 1961,Bahrain
f77885bb-19b7-4de3-a0b8-1c0cc15be111,julia54,!2iXG3qqd4,admin,Frederick,Collins,william22@example.com,Fri May 13 00:00:00 CAT 2011,True,Sun Aug 11 00:00:00 CAT 2019,Sun May 13 00:00:00 CAT 2007,United Arab Emirates
1b466f72-2a86-4c4b-9c3e-6b5a7472e27b,davidburton,)EWVV3Gr#m,patient,Joshua,Smith,kleinashley@example.net,Tue Sep 06 00:00:00 CAT 2016,False,Fri Feb 14 00:00:00 CAT 2020,Sun Dec 19 00:00:00 CAT 1993,Bolivia
a35d1d54-5f3f-4308-85a8-99c268f41452,nathaniel61,&G3(Wjq+a7,patient,Christine,Hodges,amandasnyder@example.com,Fri May 20 00:00:00 CAT 1983,False,Tue Jan 03 00:00:00 CAT 2012,Sun Mar 30 00:00:00 CAT 1958,North Macedonia
e8e00700-8cca-42bb-99d9-f2bffe67577d,dylanday,#eJ0BFkG%D,admin,David,Thornton,nathanwhite@example.net,Tue Jul 24 00:00:00 CAT 1990,True,Mon Oct 29 00:00:00 CAT 2018,Thu Oct 09 00:00:00 CAT 1958,Heard Island and McDonald Islands
536c665d-52e9-44d6-b607-1f87ba4a7791,achang,@BI1Xr0msv,patient,Colton,Herring,whitekaren@example.org,Sun Aug 01 00:00:00 CAT 2010,True,Sun Nov 07 00:00:00 CAT 2021,Wed Feb 28 00:00:00 CAT 2007,China
288a1878-1dbf-40c7-a7c8-8cb5f4164381,hesternicholas,z9&GJCOK!y,admin,George,Vega,normangreene@example.com,Sun May 12 00:00:00 CAT 2024,False,Mon Jul 01 00:00:00 CAT 2024,Fri Mar 31 00:00:00 CAT 2000,Netherlands Antilles
71b985ee-1fe4-4abe-9cd0-d6d41e0c1df7,gonzalezjulia,*VBoGRbe#3,admin,Jonathan,Turner,maynardbrenda@example.org,Wed Sep 06 00:00:00 CAT 1989,True,Wed Jun 30 00:00:00 CAT 2021,Fri Aug 29 00:00:00 CAT 1980,Puerto Rico
8e55f9ad-282f-47f7-8970-751c022fbb0f,ballen,%Z+Q0fkOd9,admin,Pamela,Ramos,michaelross@example.org,Fri Mar 07 00:00:00 CAT 2008,True,Tue Jan 14 00:00:00 CAT 2020,Thu May 29 00:00:00 CAT 1975,Russian Federation
206e4a0d-f96b-4ba1-8d9e-c21f538b2afb,balvarado,p)6eTBAoE4,patient,Billy,Stanton,teresa31@example.net,Tue Sep 12 00:00:00 CAT 1995,True,Sat May 04 00:00:00 CAT 1996,Wed May 30 00:00:00 CAT 1990,Trinidad and Tobago
38483805-2b33-4d45-8877-6c9d1dffdf47,michaelsmith,#B9aIDbxCB,patient,Karen,Mcmahon,kramirez@example.com,Wed Feb 26 00:00:00 CAT 2020,True,Wed Sep 13 00:00:00 CAT 2023,Tue Jun 11 00:00:00 CAT 2002,Marshall Islands
0c39309f-1054-4c4e-9d52-0b4b6d17bbc4,bergpeter,q81tjlHk&9,patient,Joanne,Bowen,xlambert@example.com,Tue Jan 30 00:00:00 CAT 2024,True,Thu Feb 01 00:00:00 CAT 2024,Sat Oct 27 00:00:00 CAT 2007,South Georgia and the South Sandwich Islands
d60eef39-d209-443d-b98b-8743fda185d9,rubiokathleen,F9xOjoz8%a,admin,Cynthia,Mahoney,wallacejacqueline@example.org,Mon Sep 18 00:00:00 CAT 2006,True,Sun Aug 03 00:00:00 CAT 2008,Fri May 10 00:00:00 CAT 2002,Turkey
01a8f19c-9f8e-492c-a7ad-465080d877a2,jennasanchez,wi03A*I0)^,admin,Jill,Hardy,cherylgomez@example.net,Wed May 23 00:00:00 CAT 2012,True,Fri Apr 17 00:00:00 CAT 2020,Sat Sep 02 00:00:00 CAT 1972,Faroe Islands
7283defd-0566-487e-9884-5e987dc9f7e4,foxdavid,m2XH&QgS*t,admin,Karen,Smith,mlane@example.org,Sat Aug 04 00:00:00 CAT 2018,True,Sun Mar 28 00:00:00 CAT 2021,Thu Aug 04 00:00:00 CAT 2011,Bahamas
aa7bc05d-251c-456c-879c-1c25ac45c280,bruce76,e95#eGf)C$,admin,Robert,Martinez,rossjohn@example.net,Sun Dec 23 00:00:00 CAT 2018,False,Tue Oct 04 00:00:00 CAT 2022,Sun Nov 15 00:00:00 CAT 1981,Chad
e66369f8-d50e-479a-8218-aab5a714c034,elizabethhumphrey,+60p$Scwph,admin,Amanda,Williams,robert25@example.net,Tue Mar 16 00:00:00 CAT 1999,True,Sat Mar 14 00:00:00 CAT 2009,Sat Jan 06 00:00:00 CAT 1968,Chile
d2a026c9-1abd-44ca-9d11-70d8f7affd0d,smithpeter,Mt0J1vkB7%,admin,Lauren,Hays,mcfarlandapril@example.com,Tue Dec 11 00:00:00 CAT 1979,True,Wed Jun 17 00:00:00 CAT 1992,Sat Oct 14 00:00:00 CAT 1978,Senegal
d40009de-8aea-4d42-ab41-3cd48bbb37ff,charlesturner,u4WpXlNu(C,admin,Marc,Mendez,yvonneanderson@example.net,Thu Jan 30 00:00:00 CAT 2014,True,Sat Aug 02 00:00:00 CAT 2014,Thu Jul 26 00:00:00 CAT 1956,French Polynesia
a13acf55-97de-4a3e-8ea1-69abba08ca40,elizabethray,&jMhJ&U2L6,admin,Erik,Dudley,michaelbraun@example.com,Thu Feb 07 00:00:00 CAT 2013,True,Sun Jan 07 00:00:00 CAT 2024,Tue Jan 29 00:00:00 CAT 2002,Gambia
45f54793-d5a0-4e8e-980e-7f69b7494b08,jacob57,mW6sT#Ds$&,admin,Richard,Pratt,lindseycruz@example.net,Sun Oct 24 00:00:00 CAT 2021,True,Sat Nov 05 00:00:00 CAT 2022,Fri Jun 02 00:00:00 CAT 2017,Bahrain
d5675cb9-3cd7-4882-bf83-d9830c452b2d,parkchristine,CfTzAc09&1,patient,Brenda,Taylor,monicawalker@example.net,Sat Sep 14 00:00:00 CAT 2019,False,Wed Dec 28 00:00:00 CAT 2022,Wed May 31 00:00:00 CAT 2006,Suriname
44bb09e3-81e6-4783-8fbd-ff1ea93a4062,tannerjanet,O^Y0rQy0^7,admin,Mary,Deleon,gavin56@example.net,Fri Jun 09 00:00:00 CAT 2023,True,Sat Aug 10 00:00:00 CAT 2024,Tue Aug 03 00:00:00 CAT 2021,Liberia
39de65a8-8f47-41d5-9c9a-c02d7c1c343f,lhunter,(25*0WZb4p,patient,Christopher,Peters,aprilevans@example.net,Sun Nov 23 00:00:00 CAT 1997,True,Wed Nov 24 00:00:00 CAT 1999,Sun Jul 17 00:00:00 CAT 1994,Spain
c1e1c2f0-d024-447a-85b7-8b94eaf505d9,victorjohnson,)A_(5#Ge9n,admin,Zachary,Martinez,mcclainjessica@example.net,Thu Mar 02 00:00:00 CAT 1989,True,Fri Apr 08 00:00:00 CAT 2005,Sat Sep 15 00:00:00 CAT 1973,Vanuatu
044fe48f-448c-4ccc-ab6c-110c46b2bb5a,twilliams,&dQ1Mkcyl6,admin,Lawrence,Paul,garciamichael@example.org,Wed Sep 01 00:00:00 CAT 1965,True,Wed Aug 13 00:00:00 CAT 2014,Fri Mar 16 00:00:00 CAT 1951,Tanzania
859f90e6-4f2e-434d-9e40-c79947ab829f,bclark,fFW7ODraK^,patient,Amber,James,colleenbrooks@example.org,Tue Oct 22 00:00:00 CAT 2013,False,Fri Oct 06 00:00:00 CAT 2017,Sat Nov 20 00:00:00 CAT 2010,Congo
2ed262a0-7616-41ff-98d9-bfb207d0986d,matthewbryant,D8NZZ7j!^1,admin,Brittany,Lopez,zbruce@example.org,Mon Jul 31 00:00:00 CAT 2023,False,Sun Jul 28 00:00:00 CAT 2024,Thu Jun 30 00:00:00 CAT 2022,Saint Vincent and the Grenadines
a4be4048-5029-4b0e-9f3b-f7cd527052bf,hoganemily,4%1p8QMdTh,patient,Kenneth,Little,houserichard@example.net,Sat May 04 00:00:00 CAT 2024,True,Tue Jul 02 00:00:00 CAT 2024,Tue Apr 23 00:00:00 CAT 2024,French Polynesia
5140d271-1f2a-40cb-92f4-f88280116676,paul21,!f4D3ogdTK,admin,Kimberly,Miller,julienguyen@example.com,Fri Feb 28 00:00:00 CAT 2014,True,Fri Jan 04 00:00:00 CAT 2019,Mon Jul 09 00:00:00 CAT 2012,Hong Kong
fed5efcf-129f-4612-be76-85021589a910,sullivansamuel,Ysn(3Ptg5O,patient,Kayla,Chen,mhooper@example.org,Tue Nov 04 00:00:00 CAT 2003,False,Thu Jul 01 00:00:00 CAT 2021,Sat Nov 23 00:00:00 CAT 2002,Belarus
8786c6c2-9feb-4888-9c88-acbdf88fb395,jessicamann,&KsyMP_3d5,patient,Julie,Carter,stoutjames@example.net,Wed Oct 03 00:00:00 CAT 2018,True,Sun Aug 02 00:00:00 CAT 2020,Mon Nov 24 00:00:00 CAT 2003,Aruba
1ca191e5-78cb-485b-9d8e-0c104962ff41,donald02,#1Ghkc_^0N,admin,William,Hahn,rmartinez@example.org,Mon Dec 20 00:00:00 CAT 1993,False,Fri Jan 10 00:00:00 CAT 2014,Sun Jul 14 00:00:00 CAT 1985,New Caledonia
1b305595-4dc1-4c7f-a247-2c46771c344c,halljulie,*VJ7XxkCMr,admin,Todd,Holder,rebeccastevens@example.com,Sat Mar 18 00:00:00 CAT 2023,False,Wed Jul 17 00:00:00 CAT 2024,Tue Dec 17 00:00:00 CAT 1985,Costa Rica
759cd57e-0770-433e-a670-0b97b2fef574,brian51,e#C3JYdtwM,patient,Timothy,Small,walkerdavid@example.com,Wed Dec 06 00:00:00 CAT 2023,True,Tue Feb 06 00:00:00 CAT 2024,Fri Feb 17 00:00:00 CAT 2023,Guinea-Bissau
4c82247b-946d-4145-aa85-f7796950080c,wheelermargaret,(6JXkv@ao3,patient,Jessica,Jones,jordansimpson@example.org,Sun Nov 21 00:00:00 CAT 2021,True,Mon Jul 31 00:00:00 CAT 2023,Fri Dec 13 00:00:00 CAT 2002,Somalia
75c25f15-9292-43f7-9fc1-c006f0889805,astein,*Df6#mv*$^,patient,Shannon,Hall,jeremy56@example.net,Mon Jan 05 00:00:00 CAT 2004,True,Sun Sep 27 00:00:00 CAT 2020,Fri Jan 18 00:00:00 CAT 1980,Suriname
91525d72-7778-436b-be5c-915e552ce21b,brownmichelle,iv6McVS6(!,admin,Sabrina,Oliver,evan37@example.org,Thu Dec 17 00:00:00 CAT 2020,False,Wed Aug 18 00:00:00 CAT 2021,Mon May 10 00:00:00 CAT 1982,Greece
38a7003b-414a-46fe-b252-82b6353ededa,timothysims,%H_g8PqC$P,admin,Edward,Guerra,olsendonald@example.net,Thu Mar 07 00:00:00 CAT 1996,False,Wed May 20 00:00:00 CAT 2020,Mon Apr 20 00:00:00 CAT 1981,Burundi
65bae7a2-a174-4633-b08b-f1d31ba0ac5b,owenmatthew,@1NIAzdm8G,patient,Gina,Watson,sarahnichols@example.org,Fri Mar 18 00:00:00 CAT 2016,False,Mon Jun 20 00:00:00 CAT 2022,Wed Mar 30 00:00:00 CAT 1988,Singapore
c0586f57-6ff6-4a2f-a0d9-f79c7ca3cb20,caroline85,lU5Xxm#Q*7,patient,Jennifer,Bowen,laura11@example.org,Sat Jun 25 00:00:00 CAT 1977,True,Thu Aug 04 00:00:00 CAT 2005,Fri Jul 25 00:00:00 CAT 1969,Russian Federation
8f4edd4d-7caf-40ca-8a5b-f11b411494e2,cameronwolf,N4uXRQiy+n,patient,Vincent,Hayes,benjaminrodriguez@example.org,Thu Nov 08 00:00:00 CAT 1973,True,Thu Jul 22 00:00:00 CAT 1993,Mon Nov 01 00:00:00 CAT 1971,Bulgaria
7a7d0a8d-03f1-42d9-8af3-38f96700c256,ashleyandrade,PvKGa8eL_9,admin,Randy,Short,yortega@example.org,Tue Oct 03 00:00:00 CAT 2023,True,Mon Apr 01 00:00:00 CAT 2024,Tue Sep 02 00:00:00 CAT 2008,Jordan
99cf8051-6024-4328-a532-b4f081fcb9c4,brussell,2A6^r9Fn5$,admin,Monica,Patel,daniellerogers@example.org,Wed Jun 09 00:00:00 CAT 2004,True,Tue Jul 07 00:00:00 CAT 2015,Wed Sep 29 00:00:00 CAT 1999,United States Minor Outlying Islands
88067465-6f07-471c-96c4-046f53f681fc,rmitchell,9oN8(L&fy_,admin,Cory,Stone,maustin@example.net,Mon Oct 13 00:00:00 CAT 2014,False,Wed Oct 20 00:00:00 CAT 2021,Mon Jan 28 00:00:00 CAT 1980,Jamaica
2b10ade0-7d6e-4817-84ea-8718260e1160,briannarodriguez,eE56DWfu!7,patient,Christopher,Ramsey,gbest@example.net,Wed Jul 01 00:00:00 CAT 1992,False,Thu May 05 00:00:00 CAT 2005,Sat Aug 13 00:00:00 CAT 1977,Tuvalu
f3963ddb-92bd-4b42-9629-17b657241cdd,mcleanshelley,4OdR29Sv@4,patient,Shane,Yoder,andreakim@example.com,Tue May 11 00:00:00 CAT 1976,False,Mon Dec 06 00:00:00 CAT 2021,Thu Sep 17 00:00:00 CAT 1953,Chile
5c6424ff-1509-4143-976a-34b606de491b,richardortega,3xucpIfv)a,patient,William,Moore,wattskevin@example.com,Mon Apr 24 00:00:00 CAT 1967,False,Fri Nov 24 00:00:00 CAT 1989,Fri Feb 06 00:00:00 CAT 1959,Latvia
1d804f37-0854-41be-b885-a00b1775b51f,danielwilson,+!*1(H7b!K,admin,Carl,Huynh,sconley@example.org,Thu Jun 03 00:00:00 CAT 2021,True,Mon Mar 13 00:00:00 CAT 2023,Fri May 10 00:00:00 CAT 1968,Cape Verde
42a09f1a-418d-480b-9ebe-3c66ff86bfbe,xsawyer,+(4YFL$iVB,patient,Debra,Gonzalez,carolynromero@example.com,Tue Nov 26 00:00:00 CAT 2013,False,Thu Jan 12 00:00:00 CAT 2023,Tue Sep 03 00:00:00 CAT 2013,Oman
98cb2f94-2eea-402c-81a4-acccd2e60e82,fieldsstephen,%P2pXwgFYL,patient,Jessica,Johnson,hchang@example.net,Mon Dec 30 00:00:00 CAT 2002,True,Wed Oct 19 00:00:00 CAT 2005,Sat May 26 00:00:00 CAT 1990,Solomon Islands
547ab9d6-ddeb-405c-bb4d-e364142619d2,nhughes,_1mmAMsA&&,admin,Justin,Cross,janet37@example.net,Tue Nov 24 00:00:00 CAT 1992,True,Sat Sep 17 00:00:00 CAT 2011,Tue Oct 18 00:00:00 CAT 1949,Equatorial Guinea
eb682169-143f-45ac-96fd-daa74897fff5,michaelcollins,Q6I8Twm+@_,patient,Eric,Gutierrez,burnslisa@example.org,Fri Mar 08 00:00:00 CAT 2019,False,Wed Sep 08 00:00:00 CAT 2021,Sun Dec 26 00:00:00 CAT 1976,Niue
f0c70f08-4734-4f7e-94cb-e6e466b956ec,xhahn,xu%A1Xo%_3,patient,Maria,Cruz,tracynichols@example.com,Fri Jan 25 00:00:00 CAT 2002,False,Tue Sep 11 00:00:00 CAT 2012,Wed Jan 06 00:00:00 CAT 1999,British Virgin Islands
cc057f37-8143-4471-b5d7-14135c0f4294,margaretdorsey,$n1*VjRa^S,admin,Bob,Barrett,bpratt@example.org,Tue Mar 28 00:00:00 CAT 1972,True,Tue May 03 00:00:00 CAT 2011,Thu Oct 04 00:00:00 CAT 1962,Saint Lucia
b633b3af-a2c9-4ddb-8c11-d4eede03edd3,morrisontimothy,6kk6%Y^t0_,patient,Brandi,Miller,ronaldhoward@example.org,Wed Jan 22 00:00:00 CAT 1992,False,Sun Jan 01 00:00:00 CAT 2012,Sat Apr 08 00:00:00 CAT 1972,Suriname
3101277d-22a9-4717-9c57-4191a38052d1,collinselizabeth,U@q$0Njs8_,admin,Dana,Villegas,zthomas@example.com,Thu Jan 12 00:00:00 CAT 2017,False,Thu Jun 11 00:00:00 CAT 2020,Fri Apr 10 00:00:00 CAT 1964,Georgia
a2fcf4d3-23b4-4d95-b9b7-83b7486fe441,dwilliamson,t2Q9lMYm*E,admin,Megan,Brown,melindahunter@example.org,Thu Feb 04 00:00:00 CAT 1999,False,Sun Aug 30 00:00:00 CAT 2009,Sat Dec 31 00:00:00 CAT 1983,Central African Republic
5c526ad8-30fa-48e1-8ab8-dcd5dbac38ab,cory03,(OBZ&02k0&,patient,Pamela,Nguyen,bonniefreeman@example.net,Wed Jan 14 00:00:00 CAT 1987,False,Wed May 13 00:00:00 CAT 2015,Wed Jan 05 00:00:00 CAT 1977,Angola
657b235a-024d-49e6-9a48-c5cd4125387e,murphyjuan,3CC&81kN^h,patient,Arthur,Miller,rosemegan@example.com,Thu Dec 31 00:00:00 CAT 2015,True,Wed Sep 28 00:00:00 CAT 2022,Sat Feb 16 00:00:00 CAT 2008,Maldives
5792564e-8ef2-4cbd-85a4-5195d12b8c1a,gary12,^0^hY)Abj#,admin,Andrea,Norman,bpierce@example.net,Sun Jul 16 00:00:00 CAT 2023,False,Wed Nov 22 00:00:00 CAT 2023,Tue Apr 20 00:00:00 CAT 2004,Hong Kong
f34282fe-f3c9-4877-9156-2534e901bd80,abigailphillips,^f9Zt3KsY&,admin,Robert,Price,oromero@example.com,Wed Jan 27 00:00:00 CAT 1965,False,Wed Apr 14 00:00:00 CAT 1982,Sun Sep 21 00:00:00 CAT 1952,Vanuatu
713a68e5-d78f-4ff9-a3c6-0c24355f3e1e,mark59,(9GLIw#U38,admin,Jeremy,Lucas,lisa39@example.org,Thu Oct 02 00:00:00 CAT 2003,True,Mon Apr 29 00:00:00 CAT 2019,Fri Feb 11 00:00:00 CAT 1983,Switzerland
0cab7287-9e53-471b-b4c5-0b8f772cf7ac,carsonmarcus,pyAn*h6w)3,patient,Nancy,Beard,christinehuynh@example.org,Sun Jan 01 00:00:00 CAT 1995,True,Sat Nov 01 00:00:00 CAT 2008,Tue Dec 07 00:00:00 CAT 1982,Egypt
70fa0d12-faa1-4f29-a775-2302595b9a44,frankfisher,Gf*z5D3h9m,admin,Robert,Hayes,ericguerra@example.org,Fri Jan 10 00:00:00 CAT 2020,True,Thu Jul 28 00:00:00 CAT 2022,Fri Oct 19 00:00:00 CAT 1990,Australia
47d9335b-efc0-4921-ad25-87814736eb7f,munoztara,alKe54YqC%,admin,Ashley,Stewart,bowen@example.org,Thu May 09 00:00:00 CAT 2024,True,Thu May 16 00:00:00 CAT 2024,Thu May 29 00:00:00 CAT 1986,Belgium
0e4839c2-0dac-48d9-9526-0d5b23601848,mcintoshmark,(hl5Cx9_I#,admin,Robert,Evans,michelle60@example.org,Mon Nov 10 00:00:00 CAT 2003,True,Sun Jul 17 00:00:00 CAT 2016,Thu Feb 17 00:00:00 CAT 1983,Barbados
e284d458-dd61-40b1-80f7-7d25b26a3ede,mendezamy,@0WZii*J(!,admin,Amy,Hickman,robert57@example.com,Sun Dec 14 00:00:00 CAT 2003,False,Wed Nov 21 00:00:00 CAT 2007,Sat May 31 00:00:00 CAT 1969,Belize
45246181-d59b-494a-87a2-31e8994febad,tward,W4Tm98%X(g,patient,Diane,Adams,abigailprince@example.com,Tue Sep 21 00:00:00 CAT 1999,False,Tue Sep 11 00:00:00 CAT 2007,Fri Sep 08 00:00:00 CAT 1961,Nepal
a9093687-4ed4-42f8-ae64-f907eb8cef99,kellyfitzpatrick,edJ1WOPo)8,patient,Amanda,Mcguire,tuckercynthia@example.org,Sat Dec 06 00:00:00 CAT 1997,False,Sun Jan 24 00:00:00 CAT 1999,Sun Sep 12 00:00:00 CAT 1982,Reunion
a98b7bf4-e920-4ef4-abe5-ebd8391253bd,scottdavid,Aw)W2%XpA!,patient,Randy,Cunningham,gleonard@example.net,Sat Aug 23 00:00:00 CAT 1997,True,Wed Dec 15 00:00:00 CAT 2021,Tue Oct 14 00:00:00 CAT 1980,Bosnia and Herzegovina
f07ffdef-82de-477a-9289-d11d8073520b,lopezcaleb,@uqUq8xz6D,admin,Brian,King,tanya71@example.net,Mon Oct 11 00:00:00 CAT 1993,True,Mon Sep 05 00:00:00 CAT 2022,Fri Feb 05 00:00:00 CAT 1960,Samoa
88d09fce-c2ff-4dbc-bacc-f3bdb32846d2,ohill,!gLi54aSs9,patient,Nicole,Reed,melissa63@example.com,Thu Jan 03 00:00:00 CAT 2002,True,Wed Dec 21 00:00:00 CAT 2016,Sat Dec 08 00:00:00 CAT 1979,Sao Tome and Principe
f82b0ed3-5389-4263-ba9d-8cbd87328e03,franciscowright,%L8Gln%FhN,patient,David,Riley,jonesleah@example.org,Fri Apr 27 00:00:00 CAT 1973,True,Fri Apr 25 00:00:00 CAT 2008,Fri Dec 04 00:00:00 CAT 1970,Niger
